<?xml version="1.0" encoding="UTF-8"?>
<project-private xmlns="http://www.netbeans.org/ns/project-private/1">
    <editor-bookmarks xmlns="http://www.netbeans.org/ns/editor-bookmarks/2" lastBookmarkId="0"/>
    <open-files xmlns="http://www.netbeans.org/ns/projectui-open-files/2">
        <group>
            <file>file:/C:/Users/patricia.suarezdiaz/Desktop/AD/Tema2/Factura/src/Modelo/Producto.java</file>
            <file>file:/C:/Users/patricia.suarezdiaz/Desktop/AD/Tema2/Factura/src/Modelo/Cliente.java</file>
            <file>file:/C:/Users/patricia.suarezdiaz/Desktop/AD/Tema2/Factura/src/Modelo/Detalle.java</file>
            <file>file:/C:/Users/patricia.suarezdiaz/Desktop/AD/Tema2/Factura/src/Modelo/Factura.java</file>
            <file>file:/C:/Users/patricia.suarezdiaz/Desktop/AD/Tema2/Factura/src/Modelo/Empleado.java</file>
            <file>file:/C:/Users/patricia.suarezdiaz/Desktop/AD/Tema2/Factura/src/Vista/frmPrincipal.java</file>
            <file>file:/C:/Users/patricia.suarezdiaz/Desktop/AD/Tema2/Factura/src/Controlador/GestionFacturas.java</file>
            <file>file:/C:/Users/patricia.suarezdiaz/Desktop/AD/Tema2/Factura/src/Controlador/Pool.java</file>
        </group>
    </open-files>
</project-private>
